,00,000,0022676743842,10,11,12,15,17,184,2004,2005,2006,211,226,229,27,28,40,42,44,4489,4817,4th,500kg,5m,66,703,73,78,81,86,95,99,aalaykoum,aatention,abachas,abdul,abdulahi,abdullazeez,abed,abidjan,aboa,above,abraham,absa,abu,abubaka,abuom,accept,accident,accordingly,account,accountant,acknowledge,acknowlegde,acquisition,act,adama,adams,add,address,ade,adel,ado,advice,africa,after,again,agent,ahmadi,ahmed,aicha,aid,aida,aidez,aids,ailekun,aisha,ajith,ajoy,al,al_hadji,alaikum,alain,alakum,alber,albert,aleikum,alex,alexander,alexandre,ali,alimatou,alison,alive,aliyu,alkali,all,allah,allen,alpha,also,alternative,always,am,ame,amina,aminatu,amiri,an,and,anderson,andrew,andriy,ange,angela,angola,annah,answer,anthony,antwan,antwort,any,appeal,application,appreciate,appreciation,archie,are,arrangement,as,asap,asiastance,asisstance,asistance,asita,assalaamoualaykoum,assalam,assalamo,assalamu,assalamualaikum,assist,assistanc,assistance,assistancew,assistant,assit,assitance,associates,assure,ata,atik,att,atte,attention,attentivement,attn,aucun,auditor,august,authentication,authority,await,awaiting,award,awarding,azize,back,badwell,bagdad,baka,bank,banking,barr,barrister,barry,bartholomew,bassim,battery,bature,bawa,be,because,before,behalf,bekou,bello,beloved,below,benefactor,beneficiary,benefit,benevolent,benjamin,benson,bequest,bernard,best,betterstill,between,biaise,bible,bidi,big,bless,blessed,blessing,blessings,boa,board,bold,bolkiah,bongani,bongo,bonjour,bopp,born,both,botha,bouguiba,branch,brief,brigadier,brother,brotherhood,bryan,buiness,business,bussiness,by,call,can,cancer,capital,capt,carefully,caroline,carpenter,case,castle,ce,central,ceo,cesar,chad,chamber,chambers,change,charak,charitable,charity,charles,cher,cheryl,cheung,chibuzor,chief,child,children,christ,christian,christians,christina,christopher,church,claim,clark,classified,clean,click,client,cmec,co,col,cole,coleman,colin,collins,come,comfort,commerce,commercial,committe,company,compensation,compensations,compersation,compliance,compliment,compliments,concerning,condition,confidant,confidence,confidencial,confidenctial,confidential,confidentiel,confidently,confidetial,confirm,congratulation,congratulations,consider,consideration,consinder,construction,consultants,consultation,contact,contacted,contacting,contract,contractor,cooperation,coperation,could,country,cry,crying,customer,cynthia,cyntia,dafur,dan,danger,daniel,darfur,david,davids,day,days,deaf,deal,dear,dearest,death,deborah,decided,decision,declined,dek,delay,demanding,denguele,denis,denise,dennis,department,deposited,desk,dessui,dev,devis,dhari,di,did,died,diouf,director,disaster,disturbs,divine,do,doctor,document,dogo,doing,doll,dollars,don,donald,donate,donation,door,douglas,dr,draw,dt,dubai,due,duf,dukat,duke,dumas,dumb,duncan,dura,duru,earliest,earned,ease,eddy,edmond,edward,eko,email,emergency,emirates,endeavour,eneficiary,eng,engr,enqiry,enquiry,ensure,enterprises,eric,erickson,esq,essalamou,estate,european,event,execution,expecting,extremely,faith,faithfull,family,farah,fargo,farooq,father,fatima,favour,favourable,favoure,fax,fayadh,fbn,feedback,feel,felissa,felix,finance,financial,first,fisher,five,fiw,flight,fondazion,for,forbids,foreign,forex,form,forward,forwartd,four,fr,frank,fraud,fred,friend,fro,from,full,fully,fund,funds,fundtrasnfer,funsho,fuseini,gabo,gaius,gareth,garner,garnet,garuba,gary,gay,geprge,gesture,get,getback,gets,ghanaian,give,giveth,god,godwin,going,gold,good,gooday,goodday,goodwill,got,grace,graham,great,greene,greeting,greetings,greetins,gregg,grillo,group,haafkens,had,haitham,hajia,hand,handle,happiness,happy,hard,harrison,hashemi,hassan,have,having,he,hear,helen,hello,help,hence,henry,here,herein,herry,heskey,hi,highly,hilary,him,his,holden,home,honest,honestly,honesty,honourable,hope,hoping,hot,hotel,house,how,huang,hubei,humidity,hundred,husband,iam,ibe,ibn,ibrahim,id,idea,if,ike,illness,immedaitely,immedatily,immediate,immediately,immediatley,immidiately,imperative,important,in,income,indicate,individual,inestment,information,informed,inherit,inheritance,inquire,inquiry,institutional,instruct,integrated,interest,interested,interesting,into,intrested,introduction,invesstiment,invest,investigation,investment,investments,investor,investors,invitation,ip,iraq,is,isaac,issue,it,jackson,jacob,james,jane,jason,jean,jeff,jenny,jerome,jerry,jesus,jewel,jnr,job,jocelyn,joe,joel,johana,john,johnson,joint,jointinvestment,jomas,jonathan,jones,joseph,joy,joyce,jubril,junk,justus,kaba,kabila,kabora,kabore,kamokai,kane,kanza,karim,kasim,kathy,keep,keeping,keita,ken,kenneth,kenny,khalid,khayr,kin,kind,kindest,kindly,king,kingsman,know,known,kobia,koffi,kofi,kola,konan,kone,koutaba,kumar,kurga,kwame,lamine,larisa,larson,last,lasted,late,law,lawal,lawyer,leceister,lee,legal,less,let,letter,lewis,liberian,life,lilian,limited,linda,link,lire,listin,lived,loan,location,london,look,looking,lord,louis,love,low,mable,macuty,madam,madame,made,maekal,mahinder,mail,maintained,malaysia,malfred,malick,management,manager,managing,mandla,manner,mansur,many,maria,mariam,mario,mark,markus,marriam,married,marry,marshall,martin,martinez,martins,mary,mashaba,mathew,matrimonial,matter,mavis,may,mazuri,me,meet,mekha,melika,memo,merci,message,michael,micheal,michel,mike,million,ministry,miss,misused,mohamad,mohamed,mohammed,moi,momodu,mon,money,monica,months,moore,more,morgan,morning,moses,most,move,moyo,mpenza,mr,mrs,ms,mssg,much,mudani,mudiwa,mueller,muialaku,musa,muslim,must,mustafa,mutaul,mutual,my,naba,nais,name,nancy,nando,nasrinn,nation,national,nbeki,ndeye,need,needed,needs,neended,negotiation,nelson,nenita,nesteruk,nesw,new,news,next,nguessane,nice,nicholas,nigeria,nitskayaa,nnamdi,noel,nominated,not,notification,notlast,now,nuchoni,nuhan,number,nutch,obaseki,obiang,of,offer,ohene,oil,ok,olds,on,one,oniga,only,open,operation,opinion,opportunity,or,original,orphanages,ouattara,ouedraogo,oumarou,our,out,outdated,outside,owner,ownership,pakistan,palace,panga,paraiso,partiner,partner,partnership,pascal,patenership,path,patrice,patricia,patrick,paul,payment,payments,peace,pedro,pending,person,personal,perusal,peter,petters,philantrophic,philip,phillip,phiri,phone,plan,plea,please,pleased,pls,plz,pocurement,poor,porposal,portugal,positive,possible,praise,pravite,pray,prayerful,precious,preposition,presently,president,prince,princess,private,privileged,problems,proceed,prof,profiling,project,promise,prompt,propagating,proposal,proposer,proposition,prosperity,prposal,pui,purpose,qasseemi,qin,quest,quick,rabi,rachael,raha,raji,rasheed,raymond,re,reach,read,ready,real,really,reason,receipt,receive,recently,refers,refinance,refugees,regard,regarding,regards,region,relation,relationship,relative,relatives,reliable,remain,reminder,rep,reply,repply,representative,representatives,reputable,request,requesting,required,reserve,respect,respectful,respond,responds,respones,respons,response,responses,respounce,resspond,results,rev,revd,revert,review,reward,reza,richard,rita,robert,robin,room,rose,rosinvest,roslin,rrrrr,ruby,rukkyatu,russia,ruthanne,résultat,sabaah,saddam,safe,saita,saja,sake,salam,saloum,salutation,samatigui,same,samiu,samuel,sanni,sanoussi,saqr,save,savimbi,scotland,searching,season,seat,second,secret,seed,seek,seeking,seko,selah,sell,senegal,september,serching,serve,services,sesay,sese,shade,sharonabed,shell,shephard,shepherd,shipment,sichuan,simon,since,sincere,sincerely,sincerity,sir,sister,situation,sizwe,smart,smith,so,solicitation,soliciting,solicitor,solomon,soludo,sonya,soon,soonest,sosnitskaya,south,spam,spirit,stand,stanly,stated,states,stevens,still,stones,strictest,strictly,stroke,subject,such,sudan,sudiq,suffering,suha,sule,sum,supply,support,surprise,survey,susan,suzana,svp,swift,switzerland,taiwan,taking,taylir,taylor,tel,telephone,ten,tenders,teressa,terry,testimony,tha,thank,thanks,that,the,them,there,theresa,theway,this,thomas,thompson,thomson,though,thousand,three,through,thru,to,today,together,togo,told,tonghui,tony,took,top,touch,trade,transaction,transfer,transferd,transferring,transparent,treat,tres,trikouni,trouvé,trust,trusted,trustee,trusting,truth,try,tshaba,tsunami,ubs,udoa,umaru,unbelievers,under,understand,understanding,ungodly,union,united,unreserved,up,update,ur,uregent,urgent,urgently,urhent,us,use,used,usman,utilize,utmost,vacancies,vacancy,vanishing,vaye,venture,very,veuillez,via,victims,victoria,villaran,vital,vittorio,vivian,waiting,wallace,wang,want,wants,warburg,was,wase,wasse,we,well,wells,were,west,what,when,where,which,who,whoever,why,wide,widow,widows,wife,will,william,williams,willing,willingness,wilson,wish,with,without,woma,word,work,worked,world,worthy,would,write,wu,yanxiong,yaoprasirth,yaya,year,years,yokus,you,your,yours,youu,yukon,yukos,yusuf,zainab,zarqawi,zeid,zuka,zuma
0,1673.0,1672.0,1673.0,1670.0,1673.0,1670.0,1673.0,1673.0,1673.0,1673.0,1673.0,1669.0,1673.0,1673.0,1673.0,1673.0,1672.0,1673.0,1673.0,1673.0,1673.0,1673.0,1673.0,1673.0,1673.0,1672.0,1673.0,1673.0,1673.0,1673.0,1673.0,1673.0,1673.0,1673.0,1673.0,1673.0,1673.0,1673.0,1673.0,1673.0,1673.0,1673.0,1672.0,1673.0,1673.0,1673.0,1673.0,1673.0,1673.0,1673.0,1673.0,1671.0,1673.0,1669.0,1673.0,1673.0,1671.0,1673.0,1669.0,1673.0,1672.0,1673.0,1673.0,1673.0,1673.0,1673.0,1673.0,1673.0,1673.0,1673.0,1670.0,1672.0,1673.0,1673.0,1673.0,1673.0,1672.0,1669.0,1673.0,1673.0,1664.0,1673.0,1670.0,1673.0,1673.0,1673.0,1673.0,1673.0,1671.0,1673.0,1673.0,1668.0,1673.0,1673.0,1673.0,1673.0,1673.0,1673.0,1671.0,1673.0,1673.0,1673.0,1673.0,1673.0,1661.0,1673.0,1672.0,1673.0,1673.0,1668.0,1614.0,1673.0,1672.0,1672.0,1673.0,1673.0,1673.0,1673.0,1672.0,1673.0,1673.0,1673.0,1673.0,1671.0,1672.0,1668.0,1673.0,1673.0,1660.0,1673.0,1644.0,1659.0,1673.0,1673.0,1673.0,1673.0,1673.0,1668.0,1673.0,1672.0,1671.0,1658.0,1673.0,1565.0,1673.0,1661.0,1673.0,1673.0,1671.0,1673.0,1673.0,1673.0,1672.0,1673.0,1633.0,1671.0,1661.0,1673.0,1669.0,1673.0,1673.0,1673.0,1670.0,1667.0,1673.0,1673.0,1671.0,1643.0,1673.0,1673.0,1672.0,1665.0,1673.0,1672.0,1670.0,1672.0,1673.0,1673.0,1673.0,1673.0,1673.0,1662.0,1673.0,1673.0,1671.0,1673.0,1672.0,1665.0,1673.0,1673.0,1672.0,1669.0,1673.0,1673.0,1673.0,1672.0,1673.0,1673.0,1673.0,1673.0,1673.0,1673.0,1672.0,1673.0,1669.0,1673.0,1673.0,1673.0,1673.0,1673.0,1673.0,1673.0,1673.0,1673.0,1670.0,1673.0,1673.0,1673.0,1673.0,1673.0,1672.0,1673.0,1672.0,1672.0,1673.0,1672.0,1673.0,1562.0,1672.0,1673.0,1654.0,1647.0,1673.0,1671.0,1673.0,1669.0,1673.0,1673.0,1673.0,1673.0,1671.0,1673.0,1671.0,1673.0,1673.0,1673.0,1673.0,1672.0,1673.0,1673.0,1673.0,1669.0,1673.0,1673.0,1673.0,1673.0,1673.0,1673.0,1672.0,1667.0,1672.0,1673.0,1673.0,1673.0,1673.0,1668.0,1672.0,1673.0,1673.0,1673.0,1673.0,1673.0,1668.0,1673.0,1673.0,1673.0,1672.0,1673.0,1672.0,1673.0,1672.0,1673.0,1673.0,1670.0,1673.0,1673.0,1673.0,1673.0,1667.0,1671.0,1672.0,1673.0,1672.0,1673.0,1673.0,1673.0,1593.0,1673.0,1673.0,1673.0,1666.0,1673.0,1673.0,1671.0,1672.0,1673.0,1673.0,1673.0,1673.0,1655.0,1673.0,1672.0,1669.0,1673.0,1668.0,1671.0,1673.0,1669.0,1664.0,1672.0,1673.0,1672.0,1673.0,1672.0,1673.0,1673.0,1671.0,1672.0,1668.0,1673.0,1620.0,1673.0,1673.0,1669.0,1624.0,1669.0,1673.0,1673.0,1673.0,1673.0,1673.0,1673.0,1673.0,1673.0,1672.0,1673.0,1672.0,1673.0,1672.0,1673.0,1650.0,1673.0,1671.0,1673.0,1673.0,1673.0,1673.0,1673.0,1672.0,1669.0,1673.0,1673.0,1673.0,1669.0,1673.0,1673.0,1672.0,1673.0,1673.0,1671.0,1673.0,1670.0,1673.0,1671.0,1673.0,1672.0,1645.0,1673.0,1672.0,1669.0,1670.0,1673.0,1673.0,1671.0,1673.0,1673.0,1673.0,1673.0,1673.0,1672.0,1673.0,1673.0,1673.0,1673.0,1670.0,1673.0,1659.0,1673.0,1673.0,1673.0,1673.0,1673.0,1670.0,1673.0,1673.0,1673.0,1673.0,1672.0,1673.0,1672.0,1673.0,1670.0,1673.0,1673.0,1673.0,1673.0,1673.0,1668.0,1673.0,1667.0,1671.0,1673.0,1673.0,1673.0,1673.0,1672.0,1672.0,1673.0,1673.0,1673.0,1673.0,1672.0,1673.0,1673.0,1673.0,1670.0,1672.0,1672.0,1673.0,1673.0,1673.0,1673.0,1673.0,1592.0,1673.0,1673.0,1673.0,1673.0,1669.0,1673.0,1673.0,1672.0,1672.0,1673.0,1673.0,1651.0,1673.0,1362.0,1673.0,1673.0,1658.0,1671.0,1673.0,1673.0,1673.0,1673.0,1673.0,1673.0,1673.0,1673.0,1667.0,1671.0,1673.0,1673.0,1673.0,1646.0,1673.0,1673.0,1673.0,1672.0,1673.0,1662.0,1673.0,1673.0,1673.0,1604.0,1673.0,1671.0,1673.0,1672.0,1673.0,1673.0,1673.0,1673.0,1667.0,1645.0,1673.0,1673.0,1673.0,1673.0,1673.0,1673.0,1673.0,1673.0,1672.0,1673.0,1673.0,1669.0,1673.0,1672.0,1671.0,1673.0,1672.0,1673.0,1673.0,1662.0,1673.0,1624.0,1611.0,1673.0,1670.0,1673.0,1673.0,1673.0,1672.0,1670.0,1669.0,1672.0,1673.0,1673.0,1673.0,1673.0,1673.0,1673.0,1673.0,1673.0,1673.0,1673.0,1673.0,1673.0,1673.0,1669.0,1673.0,1673.0,1673.0,1673.0,1673.0,1673.0,1672.0,1672.0,1669.0,1673.0,1673.0,1671.0,1673.0,1673.0,1673.0,1673.0,1670.0,1663.0,1673.0,1672.0,1673.0,1654.0,1641.0,1673.0,1673.0,1673.0,1673.0,1672.0,1673.0,1673.0,1668.0,1672.0,1671.0,1673.0,1673.0,1673.0,1670.0,1673.0,1673.0,1673.0,1672.0,1672.0,1673.0,1673.0,1673.0,1632.0,1673.0,1673.0,1673.0,1670.0,1673.0,1673.0,1637.0,1672.0,1671.0,1668.0,1673.0,1673.0,1668.0,1673.0,1673.0,1672.0,1672.0,1673.0,1673.0,1673.0,1673.0,1673.0,1672.0,1669.0,1673.0,1673.0,1673.0,1670.0,1666.0,1666.0,1671.0,1673.0,1673.0,1673.0,1671.0,1672.0,1673.0,1673.0,1672.0,1673.0,1673.0,1673.0,1672.0,1672.0,1673.0,1673.0,1673.0,1673.0,1672.0,1672.0,1673.0,1673.0,1672.0,1673.0,1673.0,1672.0,1673.0,1672.0,1673.0,1667.0,1666.0,1673.0,1668.0,1672.0,1673.0,1673.0,1673.0,1673.0,1673.0,1673.0,1673.0,1673.0,1670.0,1672.0,1673.0,1673.0,1673.0,1673.0,1673.0,1673.0,1672.0,1673.0,1670.0,1673.0,1673.0,1672.0,1673.0,1671.0,1673.0,1673.0,1669.0,1658.0,1673.0,1673.0,1671.0,1673.0,1673.0,1672.0,1673.0,1671.0,1673.0,1673.0,1673.0,1673.0,1673.0,1673.0,1669.0,1668.0,1673.0,1673.0,1673.0,1673.0,1673.0,1672.0,1673.0,1673.0,1673.0,1673.0,1651.0,1673.0,1673.0,1673.0,1673.0,1672.0,1672.0,1673.0,1673.0,1673.0,1673.0,1673.0,1672.0,1669.0,1673.0,1668.0,1673.0,1673.0,1673.0,1673.0,1673.0,1670.0,1673.0,1673.0,1673.0,1673.0,1670.0,1673.0,1667.0,1673.0,1673.0,1673.0,1589.0,1672.0,1673.0,1673.0,1673.0,1673.0,1648.0,1672.0,1673.0,1673.0,1670.0,1671.0,1673.0,1665.0,1673.0,1673.0,1672.0,1667.0,1672.0,1673.0,1673.0,1670.0,1673.0,1673.0,1671.0,1673.0,1671.0,1673.0,1673.0,1671.0,1673.0,1672.0,1673.0,1573.0,1621.0,1666.0,1673.0,1671.0,1672.0,1673.0,1673.0,1673.0,1667.0,1673.0,1672.0,1671.0,1673.0,1663.0,1617.0,1673.0,1673.0,1670.0,1673.0,1672.0,1673.0,1673.0,1673.0,1673.0,1673.0,1622.0,1598.0,1673.0,1672.0,1669.0,1672.0,1673.0,1673.0,1673.0,1669.0,1669.0,1667.0,1673.0,1673.0,1673.0,1671.0,1673.0,1673.0,1673.0,1673.0,1668.0,1671.0,1673.0,1669.0,1673.0,1671.0,1673.0,1671.0,1673.0,1673.0,1604.0,1661.0,1673.0,1671.0,1673.0,1673.0,1664.0,1673.0,1673.0,1671.0,1673.0,1667.0,1673.0,1670.0,1671.0,1673.0,1673.0,1671.0,1673.0,1672.0,1669.0,1672.0,1673.0,1673.0,1673.0,1673.0,1672.0,1673.0,1673.0,1673.0,1673.0,1664.0,1645.0,1672.0,1673.0,1673.0,1673.0,1672.0,1672.0,1671.0,1663.0,1673.0,1672.0,1673.0,1671.0,1673.0,1669.0,1673.0,1670.0,1673.0,1673.0,1673.0,1673.0,1673.0,1673.0,1673.0,1670.0,1549.0,1673.0,1654.0,1668.0,1673.0,1673.0,1673.0,1672.0,1673.0,1672.0,1673.0,1673.0,1673.0,1673.0,1673.0,1673.0,1673.0,1671.0,1672.0,1673.0,1652.0,1673.0,1673.0,1673.0,1672.0,1673.0,1670.0,1673.0,1673.0,1673.0,1587.0,1673.0,1663.0,1673.0,1673.0,1673.0,1673.0,1672.0,1673.0,1673.0,1672.0,1673.0,1673.0,1673.0,1673.0,1673.0,1673.0,1631.0,1673.0,1658.0,1673.0,1671.0,1673.0,1673.0,1669.0,1670.0,1673.0,1672.0,1673.0,1673.0,1673.0,1672.0,1664.0,1672.0,1672.0,1669.0,1673.0,1673.0,1671.0,1673.0,1672.0,1673.0,1549.0,1672.0,1666.0,1673.0,1673.0,1647.0,1672.0,1665.0,1673.0,1670.0,1673.0,1668.0,1673.0,1673.0,1673.0,1622.0,1670.0,1671.0,1673.0,1673.0,1671.0,1673.0,1673.0,1670.0,1673.0,1673.0,1671.0,1673.0,1672.0,1671.0,1673.0,1672.0,1673.0,1673.0,1671.0,1673.0,1673.0,1673.0,1673.0,1673.0,1673.0,1673.0,1672.0,1673.0,1673.0,1673.0,1672.0,1673.0,1672.0,1672.0,1673.0,1672.0,1672.0,1673.0,1673.0,1672.0,1671.0,1671.0,1673.0,1673.0,1670.0,1673.0,1673.0,1672.0,1673.0,1672.0,1667.0,1673.0,1673.0,1673.0,1673.0,1673.0,1673.0,1673.0,1672.0,1673.0,1673.0,1673.0,1672.0,1673.0,1673.0,1673.0,1673.0,1673.0,1673.0,1673.0,1666.0,1673.0,1672.0,1664.0,1671.0,1673.0,1673.0,1673.0,1672.0,1673.0,1669.0,1673.0,1673.0,1672.0,1672.0,1673.0,1664.0,1668.0,1673.0,1673.0,1665.0,1673.0,1671.0,1673.0,1673.0,1673.0,1671.0,1673.0,1673.0,1673.0,1666.0,1673.0,1672.0,1673.0,1671.0,1673.0,1673.0,1673.0,1672.0,1673.0,1673.0,1673.0,1673.0,1673.0,1672.0,1671.0,1673.0,1672.0,1673.0,1673.0,1673.0,1673.0,1668.0,1673.0,1673.0,1672.0,1673.0,1671.0,1672.0,1673.0,1673.0,1669.0,1664.0,1673.0,1609.0,1673.0,1673.0,1673.0,1673.0,1642.0,1673.0,1673.0,1673.0,1673.0,1673.0,1673.0,1673.0,1673.0,1594.0,1671.0,1672.0,1673.0,1673.0,1673.0,1673.0,1673.0,1673.0,1673.0,1673.0,1663.0,1664.0,1673.0,1673.0,1673.0,1635.0,1671.0,1672.0,1673.0,1655.0,1673.0,1671.0,1671.0,1673.0,1673.0,1673.0,1672.0,1673.0,1673.0,1673.0,1673.0,1673.0,1671.0,1672.0,1673.0,1672.0,1673.0,1672.0,1673.0,1672.0,1671.0,1672.0,1376.0,1653.0,1673.0,1665.0,1671.0,1673.0,1670.0,1673.0,1673.0,1673.0,1672.0,1673.0,1671.0,1669.0,1618.0,1671.0,1673.0,1673.0,1673.0,1673.0,1673.0,1673.0,1673.0,1661.0,1673.0,1673.0,1671.0,1673.0,1673.0,1673.0,1673.0,1673.0,1662.0,1673.0,1673.0,1673.0,1673.0,1673.0,1673.0,1673.0,1673.0,1673.0,1673.0,1673.0,1673.0,1672.0,1673.0,1672.0,1664.0,1670.0,1669.0,1673.0,1673.0,1672.0,1671.0,1656.0,1673.0,1673.0,1673.0,1668.0,1673.0,1673.0,1673.0,1673.0,1672.0,1673.0,1673.0,1673.0,1673.0,1670.0,1673.0,1673.0,1578.0,1514.0,1671.0,1673.0,1673.0,1673.0,1673.0,1673.0,1673.0,1673.0,1673.0,1673.0
1,1.0,,1.0,4.0,1.0,4.0,1.0,1.0,1.0,1.0,1.0,5.0,1.0,1.0,1.0,1.0,2.0,1.0,1.0,1.0,1.0,1.0,1.0,1.0,1.0,2.0,1.0,1.0,1.0,1.0,1.0,1.0,1.0,1.0,1.0,1.0,1.0,1.0,1.0,1.0,1.0,1.0,2.0,1.0,1.0,1.0,1.0,1.0,1.0,1.0,1.0,2.0,1.0,5.0,1.0,1.0,3.0,1.0,5.0,1.0,2.0,1.0,1.0,1.0,1.0,1.0,1.0,1.0,1.0,1.0,4.0,2.0,1.0,1.0,1.0,1.0,2.0,5.0,1.0,1.0,10.0,1.0,4.0,1.0,1.0,1.0,1.0,1.0,3.0,1.0,1.0,6.0,1.0,1.0,1.0,1.0,1.0,1.0,3.0,1.0,1.0,,1.0,,12.0,1.0,2.0,1.0,1.0,6.0,59.0,1.0,2.0,2.0,1.0,1.0,1.0,1.0,2.0,1.0,1.0,1.0,,3.0,2.0,6.0,1.0,1.0,14.0,1.0,27.0,15.0,1.0,1.0,1.0,1.0,1.0,6.0,1.0,2.0,3.0,16.0,1.0,109.0,1.0,13.0,1.0,1.0,3.0,1.0,1.0,1.0,2.0,1.0,41.0,3.0,13.0,1.0,5.0,1.0,1.0,1.0,4.0,7.0,1.0,1.0,3.0,31.0,1.0,1.0,2.0,8.0,1.0,2.0,4.0,2.0,1.0,1.0,1.0,1.0,1.0,11.0,,,3.0,1.0,2.0,9.0,1.0,1.0,2.0,5.0,1.0,1.0,1.0,2.0,1.0,1.0,1.0,1.0,1.0,,2.0,1.0,5.0,,1.0,1.0,1.0,1.0,1.0,1.0,1.0,1.0,4.0,1.0,1.0,1.0,1.0,1.0,2.0,1.0,2.0,2.0,1.0,2.0,1.0,111.0,2.0,1.0,20.0,27.0,1.0,3.0,1.0,5.0,1.0,1.0,1.0,1.0,3.0,1.0,3.0,1.0,1.0,1.0,1.0,2.0,1.0,1.0,1.0,5.0,1.0,1.0,1.0,1.0,1.0,,2.0,7.0,1.0,,,1.0,,6.0,2.0,1.0,1.0,1.0,1.0,1.0,6.0,1.0,1.0,1.0,2.0,1.0,2.0,1.0,2.0,1.0,1.0,3.0,1.0,1.0,1.0,1.0,7.0,3.0,2.0,1.0,2.0,1.0,1.0,1.0,81.0,1.0,1.0,1.0,8.0,1.0,1.0,3.0,2.0,1.0,1.0,1.0,1.0,19.0,1.0,2.0,5.0,1.0,6.0,3.0,1.0,5.0,10.0,2.0,1.0,2.0,1.0,2.0,1.0,1.0,3.0,2.0,6.0,1.0,54.0,1.0,1.0,5.0,50.0,5.0,,1.0,,,1.0,1.0,1.0,1.0,2.0,1.0,2.0,1.0,2.0,1.0,24.0,1.0,3.0,1.0,1.0,1.0,1.0,1.0,2.0,5.0,1.0,1.0,1.0,4.0,1.0,1.0,2.0,1.0,1.0,3.0,,4.0,1.0,3.0,1.0,2.0,29.0,1.0,2.0,5.0,4.0,1.0,1.0,3.0,1.0,1.0,1.0,1.0,1.0,2.0,1.0,1.0,1.0,1.0,4.0,1.0,15.0,1.0,1.0,1.0,1.0,1.0,4.0,1.0,1.0,1.0,1.0,2.0,1.0,2.0,1.0,4.0,1.0,1.0,1.0,1.0,1.0,6.0,1.0,7.0,3.0,1.0,1.0,1.0,1.0,2.0,2.0,1.0,1.0,1.0,1.0,2.0,1.0,1.0,1.0,4.0,2.0,2.0,1.0,1.0,1.0,1.0,1.0,81.0,1.0,1.0,1.0,1.0,5.0,1.0,1.0,2.0,2.0,1.0,1.0,23.0,1.0,308.0,,1.0,15.0,3.0,1.0,1.0,1.0,1.0,1.0,1.0,1.0,1.0,7.0,3.0,1.0,1.0,1.0,28.0,1.0,1.0,1.0,2.0,1.0,10.0,1.0,1.0,1.0,70.0,1.0,3.0,1.0,2.0,1.0,1.0,1.0,1.0,7.0,29.0,1.0,1.0,1.0,1.0,1.0,1.0,1.0,1.0,2.0,1.0,1.0,5.0,1.0,2.0,3.0,1.0,2.0,1.0,,12.0,1.0,50.0,63.0,1.0,4.0,1.0,1.0,1.0,2.0,4.0,4.0,2.0,1.0,,,1.0,1.0,1.0,1.0,1.0,1.0,1.0,1.0,1.0,1.0,5.0,1.0,1.0,1.0,1.0,,1.0,2.0,2.0,5.0,1.0,1.0,3.0,1.0,1.0,1.0,1.0,4.0,11.0,1.0,2.0,1.0,20.0,31.0,1.0,1.0,,1.0,2.0,1.0,1.0,6.0,2.0,3.0,1.0,1.0,1.0,4.0,1.0,1.0,,2.0,2.0,1.0,1.0,1.0,42.0,1.0,1.0,1.0,4.0,1.0,1.0,36.0,2.0,3.0,6.0,1.0,1.0,6.0,1.0,1.0,2.0,2.0,1.0,1.0,1.0,1.0,1.0,2.0,5.0,1.0,1.0,1.0,4.0,8.0,8.0,3.0,1.0,1.0,1.0,3.0,2.0,1.0,1.0,2.0,1.0,1.0,1.0,2.0,2.0,1.0,1.0,1.0,1.0,2.0,2.0,1.0,1.0,2.0,1.0,1.0,2.0,1.0,2.0,1.0,7.0,8.0,1.0,6.0,2.0,1.0,1.0,1.0,1.0,1.0,1.0,1.0,1.0,4.0,2.0,1.0,1.0,1.0,1.0,1.0,1.0,2.0,1.0,4.0,1.0,1.0,2.0,1.0,3.0,1.0,1.0,5.0,16.0,1.0,1.0,2.0,1.0,1.0,2.0,1.0,3.0,1.0,1.0,1.0,1.0,1.0,1.0,5.0,5.0,1.0,1.0,1.0,1.0,1.0,2.0,1.0,1.0,1.0,1.0,23.0,1.0,1.0,1.0,1.0,2.0,2.0,1.0,1.0,1.0,1.0,1.0,2.0,5.0,1.0,6.0,1.0,1.0,,1.0,1.0,4.0,1.0,1.0,1.0,1.0,4.0,1.0,7.0,1.0,1.0,1.0,84.0,2.0,1.0,1.0,1.0,1.0,26.0,2.0,1.0,1.0,4.0,2.0,1.0,9.0,1.0,1.0,2.0,7.0,2.0,1.0,1.0,3.0,1.0,1.0,3.0,1.0,3.0,1.0,1.0,3.0,1.0,2.0,1.0,101.0,52.0,8.0,1.0,3.0,2.0,1.0,1.0,1.0,7.0,1.0,2.0,3.0,1.0,11.0,55.0,1.0,1.0,3.0,1.0,2.0,1.0,1.0,1.0,1.0,1.0,52.0,76.0,1.0,2.0,5.0,2.0,1.0,1.0,1.0,5.0,5.0,6.0,1.0,1.0,1.0,3.0,1.0,1.0,1.0,1.0,5.0,3.0,1.0,5.0,1.0,3.0,1.0,3.0,1.0,1.0,67.0,13.0,1.0,3.0,1.0,1.0,9.0,1.0,1.0,3.0,1.0,7.0,1.0,4.0,2.0,1.0,1.0,3.0,1.0,2.0,5.0,2.0,1.0,1.0,1.0,1.0,2.0,1.0,1.0,1.0,1.0,10.0,29.0,2.0,1.0,1.0,1.0,2.0,2.0,3.0,11.0,1.0,2.0,1.0,3.0,1.0,5.0,1.0,4.0,1.0,1.0,1.0,1.0,1.0,1.0,1.0,4.0,124.0,1.0,20.0,6.0,1.0,1.0,1.0,2.0,1.0,2.0,1.0,1.0,1.0,1.0,1.0,1.0,1.0,3.0,2.0,1.0,22.0,1.0,1.0,1.0,2.0,1.0,4.0,1.0,1.0,1.0,87.0,1.0,11.0,1.0,1.0,1.0,1.0,2.0,1.0,1.0,2.0,1.0,1.0,1.0,,1.0,1.0,43.0,1.0,16.0,1.0,3.0,1.0,1.0,5.0,4.0,,2.0,1.0,1.0,1.0,2.0,10.0,2.0,2.0,5.0,1.0,1.0,3.0,1.0,2.0,1.0,124.0,2.0,8.0,1.0,1.0,27.0,2.0,9.0,1.0,4.0,1.0,6.0,1.0,1.0,1.0,52.0,4.0,3.0,1.0,1.0,3.0,1.0,1.0,4.0,1.0,1.0,3.0,1.0,2.0,3.0,1.0,2.0,1.0,1.0,3.0,1.0,1.0,1.0,1.0,1.0,1.0,1.0,2.0,1.0,1.0,1.0,2.0,1.0,2.0,2.0,1.0,2.0,2.0,1.0,1.0,2.0,3.0,3.0,1.0,1.0,4.0,1.0,1.0,2.0,1.0,2.0,7.0,1.0,1.0,1.0,1.0,1.0,1.0,,2.0,1.0,1.0,1.0,2.0,1.0,1.0,1.0,1.0,1.0,1.0,1.0,8.0,1.0,2.0,10.0,3.0,1.0,1.0,1.0,2.0,1.0,5.0,1.0,1.0,2.0,2.0,1.0,9.0,6.0,1.0,1.0,8.0,1.0,3.0,1.0,1.0,1.0,3.0,1.0,1.0,1.0,8.0,1.0,2.0,1.0,3.0,1.0,1.0,1.0,2.0,1.0,1.0,1.0,1.0,1.0,2.0,3.0,1.0,2.0,1.0,1.0,1.0,1.0,6.0,1.0,1.0,2.0,1.0,3.0,2.0,1.0,1.0,5.0,10.0,,64.0,1.0,1.0,1.0,1.0,30.0,1.0,1.0,1.0,1.0,1.0,1.0,,1.0,79.0,3.0,2.0,1.0,1.0,1.0,1.0,1.0,1.0,1.0,1.0,11.0,10.0,1.0,1.0,1.0,39.0,3.0,2.0,1.0,19.0,1.0,3.0,3.0,1.0,1.0,1.0,2.0,1.0,1.0,1.0,1.0,1.0,3.0,2.0,1.0,2.0,1.0,2.0,1.0,2.0,3.0,2.0,298.0,21.0,1.0,9.0,3.0,1.0,4.0,1.0,1.0,1.0,2.0,1.0,3.0,5.0,54.0,3.0,1.0,1.0,1.0,1.0,1.0,1.0,1.0,13.0,1.0,1.0,2.0,1.0,1.0,1.0,1.0,1.0,12.0,1.0,1.0,,1.0,1.0,,1.0,1.0,1.0,1.0,1.0,1.0,2.0,1.0,2.0,9.0,4.0,5.0,1.0,1.0,2.0,3.0,17.0,1.0,1.0,1.0,6.0,1.0,1.0,1.0,1.0,2.0,1.0,1.0,1.0,1.0,4.0,1.0,1.0,93.0,157.0,3.0,1.0,1.0,1.0,1.0,1.0,1.0,1.0,1.0,1.0
2,,1.0,,,,,,,,,,,,,,,,,,,,,,,,,,,,,,,,,,,,,,,,,,,,,,,,,,1.0,,,,,,,,,,,,,,,,,,,,,,,,,,,,,,,,,,,,,,,,,,,,,,,,,,1.0,,1.0,,,,,,,,,,,,,,,,,,,1.0,,,,,,,,2.0,,,,,,,,,,,,,,,,,,,,,,,,,,,,,,,,,,,,,,,,,,,,,,,,,,,,1.0,1.0,,,,,,,,,,,,,,,,,,1.0,,,,1.0,,,,,,,,,,,,,,,,,,,,,,1.0,,,,,,,,,,,,,,,,,,,,,,,,,,,,,,,,,,1.0,1.0,,,,,,,,,,,,,,,,,,,,,1.0,,,,,,,,,,,,,,,,,,,,,,,,,,,,,,,,,,,,,,,,,,,,,,,,,,,,,1.0,,1.0,1.0,,,,,,,,,,,,,,,,,,,,,,,,1.0,,,,,,,,,,,,,,,,,,,,,,,,,,,,,,,,,,,,,,,,,,,,,,,,,,,,,,,,,,,,,,,,,,,,,,,,,,,,,,,,,,,,,,,,,,,,,,4.0,1.0,,,,,,,,,,,,,,,,,,,,,,,2.0,,,,,,,,,,,,,,,,,,,,,,,,,,,,,,,,,,,,,,,,,,,,,1.0,,,,,,,,,,,,,,,,,,,,,,,,,,,,,,,,,,,,,,1.0,,,1.0,,,,,,,,,,,,,,1.0,,,,,,,,,,,,,,,,,,,,,,,,,,,,,,,,,,,,,,,,,,,,,,,,,,,,,,,,,,,,,,,,,,,,,,,,,,,,,,,,,,,,,,,,,,,,,,,,,,,,,1.0,,,,,,,,,,,,,,,,,,,,,,,,,,,,,,,,,,,,,,,,,,1.0,,,,,,,,,,,,,,,,,,,,,,,,,1.0,,,,,,,,,,,,,,,,,,,,,,,1.0,,,,,,,,,,,,,,1.0,,,1.0,,,,,,,,,,,,,,,,,,,1.0,,,,,,,,,,,,,,,,,,,2.0,,,,,,1.0,,,,,,,,,,,,,,,,,,,,,,,,,,,,,,,,,,,,,,,,,,,,,,,,,,,1.0,,,,,,,,,,,,,,,,,,,,,,,,,,,,,,,,,,,,,,,,,,,,1.0,,,,,,,,,,,,1.0,,,,,,,,,,,,,,,,1.0,,,,,,,,,,,,,,,,,,,,,,,,,,,,,,,,,,,,,,,,,,,,,,,,,,,,,,,,,,,,,,,,,,,,,,,,,1.0,,,,,,,,,,,,,,,,,,,,,,,,,,,,,1.0,,,,1.0,,,,,,,,,,,,,,,,,,,,,,,,,,,,,,,,,,,,,,,,,,,,,,,,,1.0,,,,,,,1.0,,,,,,,,,,,,,,,,,,,,,,,,,,,,,,,,,,,,,,,,,,,,,,,,,,,,,,,,,,,2.0,,,,,,,,,,,,,,,,,,,,,1.0,,,1.0,,,,,,,,,,,,,,,,,1.0,,,,,,,,,,,,,,,,,2.0,2.0,,,,,,,,,,
3,,1.0,,,,,,,,,,,,,,,,,,,,,,,,,,,,,,,,,,,,,,,,,,,,,,,,,,,,,,,,,,,,,,,,,,,,,,,,,,,,,,,,,,,,,,,,,,,,,,,,,,,,,,,1.0,,,,,,,,,,,,,,,,,,,,,,,,,,,,,,,,,,,,,,,,,,,,,,,,,,,,,,,,,,,,,,,,,,,,,,,,,,,,,,,,,,,,,,,,,,,,,,,,,,,,,,,,,,,,,,,,,,,,,,,,,,,,,,,,,,,,,,,,,,,,,,,,,,,,,,,,,1.0,,,1.0,,,,,,,,,,,,,,,,,,,,,,,,,,,,,,,,,,,,,,,,,,,,,,,,,,,,,,,,,,,,,,,,,,,,,,,,,,,,,,,,,,,,,,,,,,,,,,,,,,,,,,,,,,,,,,1.0,,,,,,,,,,,,,,,,,,,,,,,,,,,,,,,,,,,,,,,,,,,,,,,,,,,,,,,,,,,,,,,,,,,,,,,,,,,,,,,,,,,,,,,,,,,,,,,,,,,,,,,,,,,,,,,,,,,,,,,,,,,,,,,,,,,,,,,,,,,,,,,,1.0,,,,,,,,,,,,,,,1.0,1.0,,,,,,,,,,,,,,,,1.0,,,,,,,,,,,,,,,,,,,,,,,,,,,,,,,,,,,,,,,,,,,,,,,,,,,,,,,,,,,,,,,,,,,,,,,,,,,,,,,,,,,,,,,,,,,,,,,,,,,,,,,,,,,,,,,,,,,,,,,,,,,,,,,,,,,,,,,,,,,,,,,,,,,,,1.0,,,,,,,,,,,,,,,,,,,,,,,,,,,,,,,,,,,,,,,,,,,,,,,,,,,,,,,,,,,,,,,,,,,,,,,,,,,,,,,,,,,,,,,,,,,,,,,,,,,,,,,,,,,,,,,,,,,,,,,,,,1.0,,,,,,,,,,,,,,,,,,,,,,,,,,,,,,,,,,,,,,,,,,,,,,,,,,,,,,,,,,,,,,,,,,,,,,,,,,,,,,,,,,,,,,,,,,,,,,,,,,,,,,,,,,,,,,,,,,,,,,,,,,,,,,,,,,,,,,,,,,,,,,,,,,,,,,,,,,,,,,,,,,,,,,,,,,,,,,,,,,,,,,,,,,,,,,,,,,,,,,,,,,,,,,,,,,,,,,,,,,,,,,,,,,,,,,,,,,,,,,,,,,,,,,,,,,,,,,,,,,,,,,,,,,,,,,,,,,,,,,,,,,,,,,,,,,,,,,,,,,,,,,,,,,,,,,,,,,,,,,,,,,,,,,,,,,,,,,,,,,,,,,,,,,,,,,,,,,,,,,,,,,,,,,,,,,,,,,,,,,,,,,,,,,,,,,,,,,,,,,,,,,,,,,,,,,,,,,,,,,,,,,,,,,,,,
4,,,,,,,,,,,,,,,,,,,,,,,,,,,,,,,,,,,,,,,,,,,,,,,,,,,,,,,,,,,,,,,,,,,,,,,,,,,,,,,,,,,,,,,,,,,,,,,,,,,,,,,,,,,,,,,,,,,,,,,,,,,,,,,,,,,,,,,,,,,,,,,,,,,,,,,,,,,,,,,,,,,,,,,,,,,,1.0,,,,,,,,,,1.0,,,,,,,,,,,,,,,,,,,,,,,,,,,,,,,,,,,,,,,,,,,,,,,,,,,,,,,,,,,,,,,,,,,,,,,,,,,,,,,,,,,1.0,,,,,,,,,,,,,,,,,,,,,,,,,,,,,,,,,,,,,,,,,,,,,,,,,,,,,,,,,,,,,,,,,,,,,,,,,,,,,,,,,,,,,,,,,,,,,,,,,,,,,,,,,,,,,,,,,,,,,,,,,,,,,,,,,,,,,,,,,,,,,,,,,,,,,,,,,,,,,,,,,,,,,,,,,,,,,,,,,,,,,,,,,,,,,,,,,,,,,,,,,,,,,,,,,,,,,,,,,,,,,,,,,,,,,,,,,,,,,,,,,,,,,,,,,,,,,,,,,,,,,,,,,,,,,,,,,,,,,,,,,,,,,,,,,,,,,,,,,,,,,,,,,,,,,,,,,,,,,,,,,,,,,,,,,,,,,,,,,,,,,,,,,,,,,,,,,,,,,,,,,,,,,,,,,,,,,,,,,,,,,,,,,,,,,,,,,,,,,,,,,,,,,,,,,,,,,,,,,,,,,,,,,,,,,,,,,,,,,,,,,,,,,,,,,,,,,,,,,,,,,,,,,,,,,,,,,,,,,,,,,,,,,,,,,,,,,,,,,,,,,,,,,,,,,,,,,,,,,,,,,,,,,,,,,,,,,,,,,,,,,,,,,,,,,,,,,,,,,,,,,,,,,,,,,,,,,,,,,1.0,,,,,,,,,,,,,,,,,,,,,,,,,,,,,,,,,,,,,,,,,,,,,,,,,,,,,,,,,,,,,,,,,,,,,,,,,,,,,,,,,,,,,,,,,,,,,,,,,,,,,,,,,,,,,,,,,,,,,,,,,,,,,,,,,,,,,,,,,,,,,,,,,,,,,,,,,,,,,,,,,,,,,,,,,,,,,,,,,,,,,,,,,,,,,,,,,,,,,,,,,,,,,,,,,,,,,,,,,,,,,,,,,,,,,,,,,,,,,,,,,,,,,,,,,,,,,,,,,,,,,,,,,,,,,,,,,,,,,,,,,,,,,,,,,,,,,,,,,,,,,,,,,,,,,,,,,,,,,,,,,,,,,,,,,,,,,,,,,,,,,,,,,,,,1.0,,,,,,,,,,,,,,,,,,,,,,,,,,,,,,,,,,,,,,,,,,,,,,,,,,,,,,,,,
5,,,,,,,,,,,,,,,,,,,,,,,,,,,,,,,,,,,,,,,,,,,,,,,,,,,,,,,,,,,,,,,,,,,,,,,,,,,,,,,,,,,,,,,,,,,,,,,,,,,,,,,,,,,,,,,,,,,,,,,,,,,,,,,,,,,,,,,,,,,,,,,,,,,,,,,,,,,,,,,,,,,,,,,,,,,,,,,,,,,,,,,,,,,,,,,,,,,,,,,,,,,,,,,,,,,,,,,,,,,,,,,,,,,,,,,,,,,,,,,,,,,,,,,,,,,,,,,,,,,,,,,,,,,,,,,,,,,,,,,,,,,,,,,,,,,,,,,,,,,,,,,,,,,,,,,,,,,,,,,,,,,,,,,,,,,,,,,,,,,,,,,,,,,,,,,,,,,,,,,,,,,,,,,,,,,,,,,,,,,,,,,,,,,,,,,,,,,,,,,,,,,,,,,,,,,,,,,,,,,,,,,,,,,,,,,,,,,,,,,,,,,,,,,,,,,,,,,,,,,,,,,,,,,,,,,,,,,,,,,,,,,,,,,,,,,,,,,,,,,,,,,,,,,,,,,,,,,,,,,,,,,,,,,,,,,,,,,,,,,,,,,,,,,,,,,,,,,,,,,,,,,,,,,,,,,,,,,,,,,,,,,,,,,,,,,,,,,1.0,,,,,,,,,,,,,,,,,,,,,,,,,,,,,,,,,,,,,,,,,,,,,,,,,,,,,,,,,,,,,,,,,,,,,,,,,,,,,,,,,,,,,,,,,,,,,,,,,,,,,,,,,,,,,,,,,,,,,,,,,,,,,,,,,,,,,,,,,,,,,,,,,,,,,,,,,,,,,,,,,,,,,1.0,,,,,,,,,,,,,,,,,,,,,,,,,,,,,,,,,,,,,,,,,,,,,,,,,,,,,,,,,,,,,,,,,,,,,,,,,,,,,,,,,,,,,,,,,,,,,,,,,,,,,,,,,,,,,,,,,,,,,,,,,,,,,,,,,,,,,,,,,,,,,,,,,,,,,,,,,,,,,,,,,,,,,,,,,,,,,,,,,,,,,,,,,,,,,,,,,,,,,,,,,,,,,,,,,,,,,,,,,,,,,,,,,,,,,,,,,,,,,,,,,,,,,,,,,,,,,,,,,,,,,,,,,,,,,,,,,,,,,,,,,,,,,,,,,,,,,,,,,,,,,,,,,,,,,,,,,,,,,,,,,,,,,,,,,,,,,,,,,,,,,,,,,,,,,,,,,,,,,,,,,,,,,,,,,,,,,,,,,,,,,,,,,,,,,,,,,,,,,,,,,,,,,,,,,,,,,,,,,,,,,,,,,,,,,,,,,,,,,,,,,,,,,,,,,,,,,,,,,,,,,,,,,,,,,,,,,,,,,,,,,,,,,,,
6,,,,,,,,,,,,,,,,,,,,,,,,,,,,,,,,,,,,,,,,,,,,,,,,,,,,,,,,,,,,,,,,,,,,,,,,,,,,,,,,,,,,,,,,,,,,,,,,,,,,,,,,,,,,,,,,,,,,,,,,,,,,,,,,,,,,,,,,,,,,,,,,,,,,,,,,,,,,,,,,,,,,,,,,,,,,,,,,,,,,,,,,,,,,,,,,,,,,,,,,,,,,,,,,,,,,,,,,,,,,,,,,,,,,,,,,,,,,,,,,,,,,,,,,,,,,,,,,,,,,,,,,,,,,,,,,,,,,,,,,,,,,,,,,,,,,,,,,,,,,,,,,,,,,,,,,,,,,,,,,,,,,,,,,,,,,,,,,,,,,,,,,,,,,,,,,,,,,,,,,,,,,,,,,,,,,,,,,,,,,,,,,,,,,,,,,,,,,,,,,,,,,,,,,,,,,,,,,,,,,,,,,,,,,,,,,,,,,,,,,,,,,,,,,,,,,,,,,,,,,,1.0,,,,,,,,,,,,,,,,,,,,,,,,,,,,,,,,,,,,,,,,,,,,,,,,,,,,,,,,,,,,,,,,,,,,,,,,,,,,,,,,,,,,,,,,,,,,,,,,,,,,,,,,,,,,,,,,,,,,,,,,,,,,,,,,,,,,,,,,,,,,,,,,,,,,,,,,,,,,,,,,,,,,,,,,,,,,,,,,,,,,,,,,,,,,,,,,,,,,,,,,,,,,,,,,,,,,,,,,,,,,,,,,,,,,,,,,,,,,,,,,,,,,,,,,,,,,,,,,,,,,,,,,,,,,,,,,,,,,,,1.0,,,,,,,,,,,,,,,,,,,,,,,,,,,,,,,,,,,,,,,,,,,,,,,,,,,,,,,,,,,,,,,,,,,,,,,,,,,,,,,,,,,,,,,,,,,,,,,,,,,,,,,,,,,,,,,,,,,,,,,,,,,,,,,,,,,,,,,,,,,,,,,,,,,,,,,,,,,,,,,,,,,,,,,,,,,,,,,,,,,,,,,,,,,,,,,,,,,,,,,,,,,,,,,,,,,,,,,,,,,,,,,,,,,,,,,,,,,,,,,,,,,,,,,,,,,,,,,,,,,,,,,,,,,,,,,,,,,,,,,,,,,,,,,,,,,,,,,,,,,,,,,,,,,,,,,,,,,,,,,,,,,,,,,,,,,,,,,,,,,,,,,,,,,,,,,,,,,,,,,,,,,,,,,,,,,,,,,,,,,,,,,,,,,,,,,,,,,,,,,,,,,,,,,,,,,,,,,,,,,,,,,,,,,,,,,,,,,,,,,,,,,,,,,,,,,,,,,,,,,,,,,,,,,,,,,,,,,,,,,,,,,,,,,,,,,,,,,,,,,,,,,,,,,,
8,,,,,,,,,,,,,,,,,,,,,,,,,,,,,,,,,,,,,,,,,,,,,,,,,,,,,,,,,,,,,,,,,,,,,,,,,,,,,,,,,,,,,,,,,,,,,,,,,,,,,,,,,,,,,,,,,,,,,,,,,,,,,,,,,,,1.0,,,,,,,,,,,,,,,,,,,,,,,,,,,,,,,,,,,,,,,,,,,,,,,,,,,,,,,,,,,,,,,,,,,,,,,,,,,,,,,,,,,,,,,,,,,,,,,,,,,,,,,,,,,,,,,,,,,,,,,,,,,,,,,,,,,,,,,,,,,,,,,,,,,,,,,,,,,,,,,,,,,,,,,,,,,,,,,,,,,,,,,,,,,,,,,,,,,,,,,,,,,,,,,,,,,,,,,,,,,,,,,,,,,,,,,,,,,,,,,,,,,,,,,,,,,,,,,,,,,,,,,,,,,,,,,,,,,,,,,,,,,,,,,,,,,,,,,,,,,,,,,,,,,,,,,,,1.0,,,,,,,,,,,,,,,,,,,,,,,,,,,,,,,,,,,,,,,,,,,,,,,,,,,,,,,,,,,,,,,,,,,,,,,,,,,,,,,,,,,,,,,,,,,,,,,,,,,,,,,,,,,,,,,,,,,,,,,,,,,,,,,,,,,,,,,,,,,,,,,,,,,,,,,,,,,,,,,,,,,,,,,,,,,,,,,,,,,,,,,,,,,,,,,,,,,,,,,,,,,,,,,,,,,,,,,,,,,,,,,,,,,,,,,,,,,,,,,,,,,,,,,,,,,,,,,,,,,,,,,,,,,,,,,,,,,,,,,,,,,,,,,,,,,,,,,,,,,,,,,,,,,,,,,,,,,,,,,,,,,,,,,,,,,,,,,,,,,,,,,,,,,,,,,,,,,,,,,,,,,,,,,,,,,,,,,,,,,,,,,,,,,,,,,,,,,,,,,,,,,,,,,,,,,,,,,,,,,,,,,,,,,,,,,,,,,,,,,,,,,,,,,,,,,,,,,,,,,,,,,,,,,,,,,,,,,,,,,,,,,,,,,,,,,,,,,,,,,,,,,,,,,,,,,,,,,,,,,,,,,,,,,,,,,,,,,,,,,,,,,,,,,,,,,,,,,,,,,,,,,,,,,,,,,,,,,,,,,,,,,,,,,,,,,,,,,,,,,,,,,,,,,,,,,,,,,,,,,,,,,,,,,,,,,,,,,,,,,,,,,,,,,,,,,,,,,,,,,,,,,,,,,,,,,,,,,,,,,,,,,,,,,,,,,,,,,,,,,,,,,,,,,,,,,,,,,,,,,,,,,,,,,,,,,,,,,,,,,,,,,,,,,,,,,,,,,,,,,,,,,,,,,,,,,,,,,,,,,,,,,,,,,,,,,,1.0,,,,,,,,,,,
9,,,,,,,,,,,,,,,,,,,,,,,,,,,,,,,,,,,,,,,,,,,,,,,,,,,,,,,,,,,,,,,,,,,,,,,,,,,,,,,,,,,,,,,,,,,,,,,,,,,,,,,,,,,,,,,,,,,,,,,,,,,,,,,,,,,,,,,,,,,,,,,,,,,,,,,,,,,,,,,,,,,,,,,,,,,,,,,,,,,,,,,,,,,,,,,,,,,,,,,,,,,,,,,,,,,,,,,,,,,,,,,,,,,,,,,,,,,,,,,,,,,,,,,,,,,,,,,,,,,,,,,,,,,,,,,,,,,,,,,,,,,,,,,,,,,,,,,,,,,,,,,,,,,,,,,,,,,,,,,,,,,,,,,,,,,,,,,,,,,,,,,,,,,,,,,,,,,,,,,,,,,,,,,,,,,,,,,,,,,,,,,,,,,,,,,,,,,,,,,,,,,,,,,,,,,,,,,,,,,,,,,,,,,,,,,,,,,,,,,,,,,,,,,,,,,,,,,,,,,,,,,,,,,,,,,,,,,,,,,,,,,,,,,,,,,,,,,,,,,,,,,,,,,,,,,,,,,,,,,,,,,,,,,,,,,,,,,,,,,,,,,,,,,,,,,,,,,,,,,,,,,,,1.0,,,,,,,,,,,,,,,,,,,,,,,,,,,,,,,,,,,,,,,,,,,,,,,,,,,,,,,,,,,,,,,,,,,,,,,,,,,,,,,,,,,,,,,,,,,,,,,,,,,,,,,,,,,,,,,,,,,,,,,,,,,,,,,,,,,,,,,,,,,,,,,,,,,,,,,,,,,,,,,,,,,,,,,,,,,,,,,,,,,,,,,,,,,,,,,,,,,,,,,,,,,,,,,,,,,,,,,,,,,,,,,,,,,,,,,,,,,,,,,,,,,,,,,,,,,,,,,,,,,,,,,,,,,,,,,,,,,,,,,,,,,,,,,,,,,,,,,,,,,,,,,,,,,,,,,,,,,,,,,,,,,,,,,,,,,,,,,,,,,,,,,,,,,,,,,,,,,,,,,,,,,,,,,,,,,,,,,,,,,,,,,,,,,,,,,,,,,,,,,,,,,,,,,,,,,,,,,,,,,,,,,,,,,,,,,,,,,,,,,,,,,,,,,,,,,,,,,,,,,,,,,,,,,,,,,,,,,,,,,,,,,,,,,,,,,,,,,,,,,,,,,,,,,,,,,,,,,,,,,,,,,,,,,,,,,,,,,,,,,,,,,,,,,1.0,,,,,,,,,,,,,,,,,,,,,,,,,,,,,,,,,,,,,,,,,,,,,,,,,,,,,,,,,,,,,,,,,,,,,,,,,,,,,,,,,,,,,,,,,,,,,,,,,,,,,,,,,,,,,,,,,,,,,,,,,,,,,,,,,,,,,,,
10,,,,,,,,,,,,,,,,,,,,,,,,,,,,,,,,,,,,,,,,,,,,,,,,,,,,,,,,,,,,,,,,,,,,,,,,,,,,,,,,,,,,,,,,,,,,,,,,,,,,,,,,,,,,,,,1.0,,,,,,,,,,,,,,,,,,,,,,,,,,,,,,,,,,,,,,,,,,,,,,,,,,,,,,,,,,,,,,,,,,,,,,,,,,,,,,,,,,,,,,,,,,,,,,,,,,,,,,,,,,,,,,,,,,,,,,,,,,,,,,,,,,,,,,,,,,,,,,,,,,,,,,,,,,,,,,,,,,,,,,,,,,,,,,,,,,,,,,,,,,,,,,,,,,,,,,,,,,,,,,,,,,,,,,,,,,,,,,,,,,,,,,,,,,,,,,,,,,,,,,,,,,,,,,,,,,,,,,,,,,,,,,,,,,,,,,,,,,,,,,,,,,,,,,,,,,,,,,,,,,,,,,,,,,,,,,,,,,,,,,,,,,,,,,,,,,,,,,,,,,,,,,,,,,,,,,,,,,,,,,,,,,,,,,,,,,,,,,,,,,,,,,,,,,,,,,,,,,,,,,,,,,,,,,,,,,,,,,,,,,,,,,,,,,,,,,,,,,,,,,,,,,,,,,,,,,,,,,,,,,,,,,,,,,,,,,,,,,,,,,,,,,,,,,,,,,,,,,,,,,,,,,,,,,,,,,,,,,,,,,,,,,,,,,,,,,,,,,,,,,,,,,,,,,,,,,,,,,,,,,,,,,,,,,,,,,,,,,,,,,,,,,,,,,,,,,,,,,,,,,,,,,,,,,,,,,,,,,,,,,,,,,,,,,,,,,,,,,,,,,,,,,,,,,,,,,,,,,,,,,,,,,,,,,,,,,,,,,,,,,,,,,,,,,,,,,,,,,,,,,,,,,,,,,,,,1.0,,,,,,,,,,,,,,,,,,,,,,,,,,,,,,,,,,,,,,,,,,,,,,,,,,,,,,,,,,,,,,,,,,,,,,,,,,,,,,,,,,,,,,,,,,,,,,,,,,,,,,,,,,,,,,,,,,,,,,,,,,,,,,,,,,,,,,,,,,,,,,,,,,,,,,,,,,,,,,,,,,,,,,,,,,,,,,,,,,,,,,,,,,,,,,,,,,,,,,,,,,,,,,,,,,,,,,,,,,,,,,,,,,,,,,,,,,,,,,,,,,,,,,,,,,,,,,,,,,,,,,,,,,,,,,,,,,,,,,,,,,,,,,,,,,,,,,,,,,,,,,,,,,,,,,,,,,,,,,,,,,,,,,,,,,,,,,,,,,,,,,,,,,,,,,,,,,,,,,,,,,,,,,,,,,,,,,,,,,,,,,,,,,,,,,,,,,,,,,,,,,,,,,,,,1.0,,,,,,,,,,
12,,,,,,,,,,,,,,,,,,,,,,,,,,,,,,,,,,,,,,,,,,,,,,,,,,,,,,,,,,,,,,,,,,,,,,,,,,,,,,,,,,,,,,,,,,,,,,,,,,,,,,,,,,,,,,,,,,,,,,,,,,,,,,,,,,,,,,,,,,,,,,,,,,,,,,,,,,,,,,,,,,,,,,,,,,,,,,,,,,,,,,,,,,,,,,,,,,,,,,,,,,,,,,,,,,,,,,,,,,,,,,,,,,,,,,,,,,,,,,,,,,,,,,,,,,,,,,,,,,,,,,,,,,,,,,,,,,,,,,,,,,,,,,,,,,,,,,,,,,,,,,,,,,,,,,,,,,,,,,,,,,,,,,,,,,,,,,,,,,,,,,,,,,,,,,,,,,,,,,,,,,,,,,,,,,,,,,,,,,,,,,,,,,,,,,,,,,,,,,,,,,,,,,,,,,,,,,,,,,,,,,,,,,,,,,,,,,,,,,,,,,,,,,,,,,,,,,,,,,,,,,,,,,,,,,,,,,,,,,,,,,,,,,,,,,,,,,,,,,,,,,,,,,,,,,,,,,,,,,,,,,,,,,,,,,,,,,,,,,,,,,,,,,,,,,,,,,,,,,,,,,,,,,,,,,,,,,,,,,,,,,,,,,,,,,,,,,,,,,,,,,,,,,,,,,,,,,,,,,,,,,,,,,,,,,,,,,,,,,,,,,,,,,,,,,,,,,,,,,,,,,,,,,,,,,,,,,,,,,,,,,,,,,,,,,,,,,,,,,,,,,,,,,,,,,,,,,,,,,,,,,,,,,,,,,,,,,,,,,,,,,,,,,,,,,,,,,,,,,,,,,,,,,,,,,,,,,,,,,,,,,,,,,,1.0,,,,,,,,,,,,,,,,,,,,,,,,,,,,,,,,,,,,,,,,,,,,,,,,,,,,,,,,,,,,,,,,,,,,,,,,,,,,,,,,,,,,,,,,,,,,,,,,,,,,,,,,,,,,,,,,,,,,,,,,,,,,,,,,,,,,,,,,,,,,,,,,,,,,,,,,,,,,,,,,,,,,,,,,,,,,,,,,,,,,,,,,,,,,,,,,,,,,,,,,,,,,,,,,,,,,,,,,,,,,,,,,,,,,,,,,,,,,,,,,,,,,,,,,,,,,,,,,,,,,,,,,,,,,,,,,,,,,,,,,,,,,,,,,,,,,,,,,,,,,,,,,,,,,,,,,,,,,,,,,,,,,,,,,,,,,,,,,,,,,,,,,,,,,,,,,,,,,,,,,,,,,,,,,,,,,,,,,,,,,,,,,,,,,,,,,,,,,,,,,,,,,,,,,,,,,,,,,,,,,,,,,,,,,,,,,,,,,,,,,,,,,,,,,,,,,,,,,,,,,
13,,,,,,,,,,,,,,,,,,,,,,,,,,,,,,,,,,,,,,,,,,,,,,,,,,,,,,,,,,,,,,,,,,,,,,,,,,,,,,,,,,,,,,,,,,,,,,,,,,,,,,,,,,,,,,,,,,,,,,,,,,,,,,,,,,,,,,,,,,,,,,,,,,,,,,,,,,,,,,,,,,,,,,,,,,,,,,,,,,,,,,,,,,,,,,,,,,,,,,,,,,,,,,,,,,,,,,,,,,,,,,,,,,,,,,,,,,,,,,,,,,,,,,,,,,,,,,,,,,,,,,,,,,,,,,,,,,,,,,,,,,,,,,,,,,,,,,,,,,,,,,,,,,,,,,,,,,,,,,,,,,,,,,,,,,,,,,,,,,,,,,,,,,,,,,,,,,,,,,,,,,,,,,,,,,,,,,,,,,,,,,,,,,,,,,,,,,,,,,,,,,,,,,,,,,,,,,,,,,,,,,,,,,,,,,,,,,,,,,,,,,,,,,,,,,,,,,,,,,,,,,,,,,,,,,,,,,,,,,,,,,,,,,,,,,,,,,,,,,,,,,,,,,,,,,,,,,,,,,,,,,,,,,,,,,,,,,,,,,,,,,,,,,,,,,,,,,,,,,,,,,,,,,,,,,,,,,,,,,,,,,,,,,,,,,,,,,,,,,,,,,,,,,,,,,,,,,,,,,,,,,,,,,,,,,,,,,,,,,,,,,,,,,,,,,,,,,,,,,,,,,,,,,,,,,,,,,,,,,,,,,,,,,,,,,,,,,,,,,,,,,,,,,,,,,,,,,,,,,,,,,,,,,,,,,,,,,,,,,,,,,,,,,,,,,,,,,,,,,,,,,,,,,,,,,,,,,,,,,,,,,,,,,,,,,,,,,,,,,,,,,,,,,,,,,,,,,,,,,,,,,,,,,,,,,,,,,,,,,,,,,,,,,,,,,,,,,,,,,,,,,,,,,,,,,,,,,,,,,,,,,,,,,,,,,,,,,,,,,,,,,,,,,,,,,,,,,,,,,,,,,,,,,,,,,,,,,,,,,,,,,,,,,,,,,,,,,,,,,,,,,,,,,,,,,,,,,,,,,,,,,,,,,,,,,,,,,,,,,,,,,,,,,,,,,,,,,,,,,,,,,,,,,,,,,,,,,,,,,,,,,,,,,,,,,,,,,,,,,,,,,,,,,,,,,,,,,,,,,,,,,,,,,,,,,,,,,,,,,,,,,,,,,1.0,,,,,,,,,,,,,,,1.0,,,,,,,,,,,,,,,,,,,,,,,,,,,,,,,,,,,,,,,,,,,,,,,,,,,,,,,,,,,,,,,,,,,,,,,,,,,,,,,,,,,,,,,,,,,1.0,,,,,,,,,,,,,,,,,,,,,,,,,,,,,,,,,,,
21,,,,,,,,,,,,,,,,,,,,,,,,,,,,,,,,,,,,,,,,,,,,,,,,,,,,,,,,,,,,,,,,,,,,,,,,,,,,,,,,,,,,,,,,,,,,,,,,,,,,,,,,,,,,,,,,,,,,,,,,,,,,,,,,,,,,,,,,,,,,,,,,,,,,,,,,,,,,,,,,,,,,,,,,,,,,,,,,,,,,,,,,,,,,,,,,,,,,,,,,,,,,,,,,,,,,,,,,,,,,,,,,,,,,,,,,,,,,,,,,,,,,,,,,,,,,,,,,,,,,,,,,,,,,,,,,,,,,,,,,,,,,,,,,,,,,,,,,,,,,,,,,,,,,,,,,,,,,,,,,,,,,,,,,,,,,,,,,,,,,,,,,,,,,,,,,,,,,,,,,,,,,,,,,,,,,,,,,,,,,,,,,,,,,,,,,,,,,,,,,,,,,,,,,,,,,,,,,,,,,,,,,,,,,,,,,,,,,,,,,,,,,,,,,,,,,,,,,,,,,,,,,,,,,,,,,,,,,,,,,,,,,,,,,,,,,,,,,,,,,,,,,,,,,,,,,,,,,,,,,,,,,,,,,,,,,,,,,,,,,,,,,,,,,,,,,,,,,,,,,,,,,,,,,,,,,,,,,,,,,,,,,,,,,,,,,,,,,,,,,,,,,,,,,,,,,,,,,,,,,,,,,,,,,,,,,,,,,,,,,,,,,,,,,,,,,,,,,,,,,,,,,,,,,,,,,,,,,,,,,,,,,,,,,,,,,,,,,,,,,,,,,,,,,,,,,,,,,,,,,,,,,,,,,,,,,,,,,,,,,,,,,,,,,,,,,,,,,,,,,,,,,,,,,,,,,,,,,,,,,,,,,,,,,,,,,,,,,,,,,,,,,,,,,,,,,,,,,,,,,,,,,,,,,,,,,,,,,,,,,,,,,,,,,,,,,,,,,,,,,,,,,,,,,,,,,,,,,,,,,,,,,,,,,,,,,,,,,,,,,,,,,,,,,,,,,,,,,,,,,,,,,,,,,,,,,,,,,,,,,,,,,,,,,,,,,,,,,,,,,,,,,,,,,,,,,,,,,,,,,,,,,,,,,,,,,,,,,,,,,,,,,,,,,,,,,,,,,,,,,,,,,,,,,,,,,,,,,,,,,,,,,,,,,,,,,,,,,,,,,,,,,,,,,,,,,,,,,,,,,,,,,,,,,,,,,,,,,,,,,,,,,,,,1.0,,,,,,,,,,,,,,,,,,,,,,,,,,,,,,,,,,,,,,,,,,,,,,,,,,,,,,,,,,,,,,,,,,,,,,,,,,,,,,,,,,,,,,,,,,,,,,,,,,,,,,,,,,,,,,,,,,,,,,,,,,,,,,,,,,,,,,,,,,,,
